test_auroc,test_ap
0.8688294291496277,0.5512235164642334
0.8705093264579773,0.5511568784713745
0.8619328141212463,0.5479441285133362