test_auroc,test_ap
0.8563795685768127,0.5175375938415527
0.8543555736541748,0.5080803036689758
0.8569133281707764,0.5189658403396606