test_auroc,test_ap
0.8658238649368286,0.5536651015281677
0.8686776161193848,0.5616195797920227
0.8673721551895142,0.5405802726745605