test_auroc,test_ap
0.8584995865821838,0.5276387333869934
0.8496472835540771,0.5182926058769226
0.8579404950141907,0.519620418548584