test_auroc,test_ap
0.8648447394371033,0.5399901866912842
0.8657606840133667,0.538446307182312
0.8644577264785767,0.5273523926734924